fecha,precio
2023-02-17 13:10:00,4946.8202
2023-02-17 13:20:00,4942.746043137256
2023-02-17 13:30:00,4937.931349152543
2023-02-17 13:40:00,4933.719009876543
2023-02-17 13:50:00,4931.0680764705885
2023-02-17 14:00:00,4931.236175
2023-02-17 14:10:00,4931.441344186046
2023-02-17 14:20:00,4932.41604
2023-02-17 14:30:00,4934.126216541354
2023-02-17 14:40:00,4934.819030555555
2023-02-17 14:50:00,4935.328091489361
2023-02-17 15:00:00,4934.921802380953
2023-02-17 15:10:00,4933.430054347826
2023-02-17 15:20:00,4931.38086
2023-02-17 15:30:00,4930.012629166667
2023-02-17 15:40:00,4928.255918181818
2023-02-17 15:50:00,4926.226331372549
2023-02-17 16:00:00,4924.88836
2023-02-17 16:10:00,4923.76967027027
2023-02-17 16:20:00,4922.9587833333335
2023-02-17 16:30:00,4922.482694444445
2023-02-17 16:40:00,4922.013855
2023-02-17 16:50:00,4921.494372222222
2023-02-17 17:00:00,4921.098806060606
2023-02-17 17:10:00,4920.75665
2023-02-20 13:10:00,4890.10752
2023-02-20 13:20:00,4892.943850000001
2023-02-20 13:30:00,4894.356809999999
2023-02-20 13:40:00,4898.778865517242
2023-02-20 13:50:00,4904.442151162791
2023-02-20 14:00:00,4908.378322222223
2023-02-20 14:10:00,4909.985377142857
2023-02-20 14:20:00,4911.573092307693
2023-02-20 14:30:00,4912.019033333333
2023-02-20 14:40:00,4912.238271428571
2023-02-20 14:50:00,4912.2645
2023-02-20 15:00:00,4912.2906
2023-02-20 15:10:00,4912.328875
2023-02-20 15:20:00,4912.37695
2023-02-20 15:30:00,4913.6919
2023-02-20 15:40:00,4913.73885
2023-02-20 15:50:00,4913.7861
2023-02-20 16:20:00,4913.925657142858
2023-02-20 16:30:00,4913.982333333333
2023-02-20 16:40:00,4914.142630769231
2023-02-20 16:50:00,4914.341209090909
2023-02-20 17:00:00,4914.4217
2023-02-20 17:20:00,4914.4267
2023-02-20 17:30:00,4914.4365
2023-02-20 17:50:00,4914.4387
2023-02-21 13:10:00,4919.366678571429
2023-02-21 13:20:00,4918.425358208955
2023-02-21 13:30:00,4922.934089130435
2023-02-21 13:40:00,4924.611131944444
2023-02-21 13:50:00,4927.972508333333
2023-02-21 14:00:00,4929.548433333333
2023-02-21 14:10:00,4930.3082
2023-02-21 14:20:00,4931.258598360656
2023-02-21 14:30:00,4931.698103921568
2023-02-21 14:40:00,4931.673280645161
2023-02-21 14:50:00,4933.024925
2023-02-21 15:00:00,4934.499493333334
2023-02-21 15:10:00,4935.434967241379
2023-02-21 15:20:00,4937.023423913044
2023-02-21 15:30:00,4937.872203389831
2023-02-21 15:40:00,4939.085456818182
2023-02-21 15:50:00,4940.221181578947
2023-02-21 16:00:00,4941.034526923077
2023-02-21 16:10:00,4942.105876190476
2023-02-21 16:20:00,4943.144959574468
2023-02-21 16:30:00,4944.069106122449
2023-02-21 16:40:00,4944.984039189189
2023-02-21 16:50:00,4946.182274074074
2023-02-21 17:00:00,4947.263340789474
2023-02-21 17:10:00,4947.963220833333
2023-02-21 17:20:00,4948.57458627451
2023-02-21 17:30:00,4949.121602631579
2023-02-21 17:40:00,4949.6221
2023-02-21 17:50:00,4949.970498181819
2023-02-22 13:30:00,4946.371267857143
2023-02-22 13:40:00,4943.401388235295
2023-02-22 13:50:00,4941.788611578948
2023-02-22 14:00:00,4939.668252631579
2023-02-22 14:10:00,4938.914001219512
2023-02-22 14:20:00,4938.041555056179
2023-02-22 14:30:00,4935.891584482759
2023-02-22 14:40:00,4933.682982608695
2023-02-22 14:50:00,4932.790420930233
2023-02-22 15:00:00,4932.379665
2023-02-22 15:10:00,4932.113713793104
2023-02-22 15:20:00,4931.730696153846
2023-02-22 15:30:00,4931.274614285714
2023-02-22 15:40:00,4930.762846067416
2023-02-22 15:50:00,4930.558549425287
2023-02-22 16:00:00,4930.228266101694
2023-02-22 16:10:00,4929.813754385966
2023-02-22 16:20:00,4929.626577999999
2023-02-22 16:30:00,4929.489023529412
2023-02-22 16:40:00,4929.374787951807
2023-02-22 16:50:00,4929.2389441176465
2023-02-22 17:00:00,4928.834133962264
2023-02-22 17:10:00,4928.254313846153
2023-02-22 17:20:00,4927.71667
2023-02-22 17:30:00,4926.723563829787
2023-02-22 17:40:00,4925.822715217391
2023-02-22 17:50:00,4925.1856777777775
2023-02-22 18:00:00,4924.7666
2023-02-23 13:00:00,4904.133275
2023-02-23 13:10:00,4886.762972340425
2023-02-23 13:20:00,4878.96992972973
2023-02-23 13:30:00,4878.492119607843
2023-02-23 13:40:00,4878.279079545455
2023-02-23 13:50:00,4876.520833333333
2023-02-23 14:00:00,4872.300691489362
2023-02-23 14:10:00,4867.51221875
2023-02-23 14:20:00,4864.5914454545455
2023-02-23 14:30:00,4862.246543859649
2023-02-23 14:40:00,4860.297763414634
2023-02-23 14:50:00,4858.022093220338
2023-02-23 15:00:00,4856.34790967742
2023-02-23 15:10:00,4855.556100000001
2023-02-23 15:20:00,4854.89365
2023-02-23 15:30:00,4854.335795833334
2023-02-23 15:40:00,4854.216987755102
2023-02-23 15:50:00,4854.3296641025645
2023-02-23 16:00:00,4853.988536000001
2023-02-23 16:10:00,4853.962693548387
2023-02-23 16:20:00,4854.166145454546
2023-02-23 16:30:00,4854.360657142857
2023-02-23 16:40:00,4854.4303875
2023-02-23 16:50:00,4854.379956000001
2023-02-23 17:00:00,4854.375484
2023-02-23 17:10:00,4854.278819354839
2023-02-23 17:20:00,4854.004770833333
2023-02-23 17:30:00,4853.844272
2023-02-23 17:40:00,4853.898772222222
2023-02-23 17:50:00,4853.972535714286
2023-02-23 18:00:00,4853.9941
2023-02-24 13:00:00,4873.298172222222
2023-02-24 13:10:00,4867.068021875
2023-02-24 13:20:00,4860.590980645161
2023-02-24 13:30:00,4850.539965432098
2023-02-24 13:40:00,4845.216086153846
2023-02-24 13:50:00,4844.014009756098
2023-02-24 14:00:00,4842.987580555556
2023-02-24 14:10:00,4842.146955882353
2023-02-24 14:20:00,4841.988917647059
2023-02-24 14:30:00,4842.319710169491
2023-02-24 14:40:00,4843.029865454546
2023-02-24 14:50:00,4845.950969863014
2023-02-24 15:00:00,4848.750601333333
2023-02-24 15:10:00,4849.378
2023-02-24 15:20:00,4849.35868
2023-02-24 15:30:00,4849.352283333334
2023-02-24 15:40:00,4849.606176470588
2023-02-24 15:50:00,4850.211562068966
2023-02-24 16:00:00,4850.896018518519
2023-02-24 16:10:00,4851.253817647059
2023-02-24 16:20:00,4851.397733333333
2023-02-24 16:30:00,4851.533223076924
2023-02-24 16:40:00,4851.525051515152
2023-02-24 16:50:00,4851.407629411764
2023-02-24 17:00:00,4851.224925
2023-02-24 17:10:00,4851.04021
2023-02-24 17:20:00,4850.778280952381
2023-02-24 17:30:00,4850.456037931035
2023-02-24 17:40:00,4850.042158536586
2023-02-24 17:50:00,4849.749123809524
2023-02-27 13:00:00,4845.0
2023-02-27 13:10:00,4842.324429411765
2023-02-27 13:20:00,4844.220079166666
2023-02-27 13:30:00,4842.9518032258065
2023-02-27 13:40:00,4833.8102953125
2023-02-27 13:50:00,4826.2943828125
2023-02-27 14:00:00,4822.589450847458
2023-02-27 14:10:00,4821.319891935484
2023-02-27 14:20:00,4820.421336206897
2023-02-27 14:30:00,4820.054742028986
2023-02-27 14:40:00,4820.186973913043
2023-02-27 14:50:00,4820.093163333334
2023-02-27 15:00:00,4819.88728
2023-02-27 15:10:00,4819.548332
2023-02-27 15:20:00,4818.74563235294
2023-02-27 15:30:00,4818.268885365854
2023-02-27 15:40:00,4817.944154545455
2023-02-27 15:50:00,4817.870007142857
2023-02-27 16:00:00,4817.825157142857
2023-02-27 16:10:00,4817.3566183673465
2023-02-27 16:20:00,4816.968423255814
2023-02-27 16:30:00,4816.748732653061
2023-02-27 16:40:00,4815.587753658537
2023-02-27 16:50:00,4814.993823076923
2023-02-27 17:00:00,4813.870218918919
2023-02-27 17:10:00,4812.828023076923
2023-02-27 17:20:00,4812.23104375
2023-02-27 17:30:00,4811.636419047619
2023-02-27 17:40:00,4810.4581384615385
2023-02-27 17:50:00,4809.088176470588
2023-02-28 13:00:00,4794.947037037037
2023-02-28 13:10:00,4785.671814814815
2023-02-28 13:20:00,4777.591820689655
2023-02-28 13:30:00,4775.1699963636365
2023-02-28 13:40:00,4780.185213043478
2023-02-28 13:50:00,4783.636954455445
2023-02-28 14:00:00,4785.204277027027
2023-02-28 14:10:00,4786.687357281553
2023-02-28 14:20:00,4788.844155789474
2023-02-28 14:30:00,4790.873806481482
2023-02-28 14:40:00,4792.125359302326
2023-02-28 14:50:00,4793.3310210526315
2023-02-28 15:00:00,4794.65168
2023-02-28 15:10:00,4795.638326086957
2023-02-28 15:20:00,4797.0914
2023-02-28 15:30:00,4798.328372307692
2023-02-28 15:40:00,4799.46884590164
2023-02-28 15:50:00,4801.2458119047615
2023-02-28 16:00:00,4802.568224390244
2023-02-28 16:10:00,4803.895922222222
2023-02-28 16:20:00,4804.873774468085
2023-02-28 16:30:00,4805.539326315789
2023-02-28 16:40:00,4805.802515
2023-02-28 16:50:00,4806.266184615384
2023-02-28 17:00:00,4807.269704166666
2023-02-28 17:10:00,4808.5871342857145
2023-02-28 17:20:00,4810.01665952381
2023-02-28 17:30:00,4811.614033333333
2023-02-28 17:40:00,4812.346925
2023-02-28 17:50:00,4813.421806896552
2023-02-28 18:00:00,4814.078
2023-03-01 13:00:00,4826.022343661973
2023-03-01 13:10:00,4820.98026969697
2023-03-01 13:20:00,4821.273305882353
2023-03-01 13:30:00,4825.89822962963
2023-03-01 13:40:00,4828.207925531915
2023-03-01 13:50:00,4826.046751724138
2023-03-01 14:00:00,4824.68213030303
2023-03-01 14:10:00,4825.831940277778
2023-03-01 14:20:00,4826.8404666666665
2023-03-01 14:30:00,4829.059210989011
2023-03-01 14:40:00,4832.700703076924
2023-03-01 14:50:00,4834.311913043478
2023-03-01 15:00:00,4837.359748684211
2023-03-01 15:10:00,4840.819219696969
2023-03-01 15:20:00,4842.568366666667
2023-03-01 15:30:00,4844.001817391305
2023-03-01 15:40:00,4845.80845
2023-03-01 15:50:00,4846.875
2023-03-01 16:00:00,4847.579290909091
2023-03-01 16:10:00,4848.191092
2023-03-01 16:20:00,4848.637831818182
2023-03-01 16:30:00,4849.132309090909
2023-03-01 16:40:00,4849.67563076923
2023-03-01 16:50:00,4849.878226229508
2023-03-01 17:00:00,4849.866543478261
2023-03-01 17:10:00,4849.7132919354835
2023-03-01 17:20:00,4849.197458974359
2023-03-01 17:30:00,4848.888295348837
2023-03-01 17:40:00,4848.823523529411
2023-03-01 17:50:00,4848.6549125
2023-03-01 18:00:00,4848.5226
2023-03-02 13:00:00,4843.88143902439
2023-03-02 13:10:00,4856.8523057971015
2023-03-02 13:20:00,4865.99602625
2023-03-02 13:30:00,4873.122287096774
2023-03-02 13:40:00,4877.956960204082
2023-03-02 13:50:00,4879.195526666666
2023-03-02 14:00:00,4879.205844155844
2023-03-02 14:10:00,4878.190855
2023-03-02 14:20:00,4877.32932173913
2023-03-02 14:30:00,4875.940640384616
2023-03-02 14:40:00,4874.840179411764
2023-03-02 14:50:00,4873.6968090909095
2023-03-02 15:00:00,4872.193171875
2023-03-02 15:10:00,4871.482226666666
2023-03-02 15:20:00,4870.96935
2023-03-02 15:30:00,4870.647928571429
2023-03-02 15:40:00,4869.55168852459
2023-03-02 15:50:00,4867.4273085714285
2023-03-02 16:00:00,4865.295751111111
2023-03-02 16:10:00,4862.92916
2023-03-02 16:20:00,4861.569641666666
2023-03-02 16:30:00,4860.524945833334
2023-03-02 16:40:00,4860.131200000001
2023-03-02 16:50:00,4859.919166666667
2023-03-02 17:00:00,4859.789658823529
2023-03-02 17:10:00,4859.394285714286
2023-03-02 17:20:00,4858.9949470588235
2023-03-02 17:30:00,4858.740722222222
2023-03-02 17:40:00,4857.972364864865
2023-03-02 17:50:00,4856.66689375
2023-03-03 13:00:00,4778.70314
2023-03-03 13:10:00,4776.403558620689
2023-03-03 13:20:00,4778.490380645161
2023-03-03 13:30:00,4780.970815
2023-03-03 13:40:00,4781.807108888889
2023-03-03 13:50:00,4779.530720967742
2023-03-03 14:00:00,4776.382082051282
2023-03-03 14:10:00,4772.769312871287
2023-03-03 14:20:00,4770.444697297297
2023-03-03 14:30:00,4772.153559090909
2023-03-03 14:40:00,4773.088248571428
2023-03-03 14:50:00,4773.540805555556
2023-03-03 15:00:00,4774.332702857143
2023-03-03 15:10:00,4776.613732203389
2023-03-03 15:20:00,4777.923283582089
2023-03-03 15:30:00,4778.225234285715
2023-03-03 15:40:00,4778.415297142857
2023-03-03 15:50:00,4778.712522222222
2023-03-03 16:00:00,4778.976788888889
2023-03-03 16:10:00,4779.588520588235
2023-03-03 16:20:00,4780.1066062499995
2023-03-03 16:30:00,4780.203021052631
2023-03-03 16:40:00,4780.285033333334
2023-03-03 16:50:00,4780.44561
2023-03-03 17:00:00,4780.56222
2023-03-03 17:10:00,4780.687364705883
2023-03-03 17:20:00,4780.779330769231
2023-03-03 17:30:00,4780.819616666667
2023-03-03 17:40:00,4780.832677777778
2023-03-03 17:50:00,4780.858360526316
2023-03-03 18:00:00,4780.8829
2023-03-06 13:00:00,4788.716587999999
2023-03-06 13:10:00,4779.363284615384
2023-03-06 13:20:00,4775.128650000001
2023-03-06 13:30:00,4774.885791666667
2023-03-06 13:40:00,4772.929247368421
2023-03-06 13:50:00,4771.288890123456
2023-03-06 14:00:00,4767.51382
2023-03-06 14:10:00,4762.913999056604
2023-03-06 14:20:00,4759.02419879518
2023-03-06 14:30:00,4756.963984313726
2023-03-06 14:40:00,4755.936187096774
2023-03-06 14:50:00,4754.785023214286
2023-03-06 15:00:00,4753.07645
2023-03-06 15:10:00,4751.416864285714
2023-03-06 15:20:00,4748.578701666667
2023-03-06 15:30:00,4746.47341627907
2023-03-06 15:40:00,4745.23854
2023-03-06 15:50:00,4744.083821153847
2023-03-06 16:00:00,4742.884432258064
2023-03-06 16:10:00,4741.943808333333
2023-03-06 16:20:00,4740.725367647059
2023-03-06 16:30:00,4739.76905
2023-03-06 16:40:00,4739.299967857143
2023-03-06 16:50:00,4738.690255172414
2023-03-06 17:00:00,4738.178211764705
2023-03-06 17:10:00,4737.518063333334
2023-03-06 17:20:00,4736.780396
2023-03-06 17:30:00,4736.353772413793
2023-03-06 17:40:00,4735.75044047619
2023-03-06 17:50:00,4735.061583333333
2023-03-07 13:00:00,4676.540557142857
2023-03-07 13:10:00,4677.734077499999
2023-03-07 13:20:00,4681.0888
2023-03-07 13:30:00,4682.04140625
2023-03-07 13:40:00,4682.536077419355
2023-03-07 13:50:00,4682.29685
2023-03-07 14:00:00,4683.301255555555
2023-03-07 14:10:00,4686.006436734694
2023-03-07 14:20:00,4692.093211320755
2023-03-07 14:30:00,4698.648499999999
2023-03-07 14:40:00,4705.548240845071
2023-03-07 14:50:00,4711.70938
2023-03-07 15:00:00,4718.183841538462
2023-03-07 15:10:00,4726.723956521739
2023-03-07 15:20:00,4730.11215
2023-03-07 15:30:00,4733.042544776119
2023-03-07 15:40:00,4735.19116060606
2023-03-07 15:50:00,4736.713265853658
2023-03-07 16:00:00,4738.426065217391
2023-03-07 16:10:00,4739.438172222222
2023-03-07 16:20:00,4740.354056603774
2023-03-07 16:30:00,4741.2602400000005
2023-03-07 16:40:00,4741.971332432432
2023-03-07 16:50:00,4742.525271875
2023-03-07 17:00:00,4743.24795625
2023-03-07 17:10:00,4743.723767741935
2023-03-07 17:20:00,4743.675366666666
2023-03-07 17:30:00,4743.903605555555
2023-03-07 17:40:00,4744.259409090909
2023-03-07 17:50:00,4744.43552173913
2023-03-08 13:00:00,4763.2125
2023-03-08 13:10:00,4773.729354054054
2023-03-08 13:20:00,4775.411245652174
2023-03-08 13:30:00,4772.809320408163
2023-03-08 13:40:00,4776.239985869565
2023-03-08 13:50:00,4777.612078378378
2023-03-08 14:00:00,4777.236580851064
2023-03-08 14:10:00,4776.17767
2023-03-08 14:20:00,4774.8475255813955
2023-03-08 14:30:00,4771.955279310345
2023-03-08 14:40:00,4769.89719047619
2023-03-08 14:50:00,4768.098036842105
2023-03-08 15:00:00,4766.332687323943
2023-03-08 15:10:00,4763.105421052632
2023-03-08 15:20:00,4760.122755
2023-03-08 15:30:00,4758.38229375
2023-03-08 15:40:00,4757.134404255319
2023-03-08 15:50:00,4756.1929580645165
2023-03-08 16:00:00,4755.2721813953485
2023-03-08 16:10:00,4754.238992307693
2023-03-08 16:20:00,4753.756355555555
2023-03-08 16:30:00,4753.679848387097
2023-03-08 16:40:00,4753.915331578947
2023-03-08 16:50:00,4754.101686206896
2023-03-08 17:00:00,4754.104166666667
2023-03-08 17:10:00,4754.141438095238
2023-03-08 17:20:00,4754.17605
2023-03-08 17:30:00,4754.24211
2023-03-08 17:40:00,4754.588722222222
2023-03-08 17:50:00,4755.704351851852
2023-03-10 13:00:00,4776.304251612903
2023-03-10 13:10:00,4778.822767857143
2023-03-10 13:20:00,4781.253351923077
2023-03-10 13:30:00,4785.355768103449
2023-03-10 13:40:00,4777.1935184
2023-03-10 13:50:00,4770.843220000001
2023-03-10 14:00:00,4769.92103
2023-03-10 14:10:00,4769.412185135136
2023-03-10 14:20:00,4769.969722222222
2023-03-10 14:30:00,4770.257577669903
2023-03-10 14:40:00,4769.370034920635
2023-03-10 14:50:00,4768.5202625
2023-03-10 15:00:00,4767.092643333333
2023-03-10 15:10:00,4764.9930185185185
2023-03-10 15:20:00,4762.802027868852
2023-03-10 15:30:00,4760.496418604652
2023-03-10 15:40:00,4759.236884615385
2023-03-10 15:50:00,4758.379020689656
2023-03-10 16:00:00,4757.810558823529
2023-03-10 16:10:00,4757.242718181818
2023-03-10 16:20:00,4756.725872222222
2023-03-10 16:30:00,4756.018561363636
2023-03-10 16:40:00,4754.407353448276
2023-03-10 16:50:00,4752.066447368421
2023-03-10 17:00:00,4750.810488
2023-03-10 17:10:00,4749.730563414634
2023-03-10 17:20:00,4749.027833333334
2023-03-10 17:30:00,4748.704758333333
2023-03-10 17:40:00,4748.5300125
2023-03-10 17:50:00,4748.258894117647
2023-03-13 13:00:00,4789.17343076923
2023-03-13 13:10:00,4784.533600000001
2023-03-13 13:20:00,4782.931415384615
2023-03-13 13:30:00,4782.184877777778
2023-03-13 13:40:00,4780.327518644068
2023-03-13 13:50:00,4778.598575
2023-03-13 14:00:00,4778.396886111111
2023-03-13 14:10:00,4778.3767124999995
2023-03-13 14:20:00,4778.2741206185565
2023-03-13 14:30:00,4777.687886206897
2023-03-13 14:40:00,4777.506522535211
2023-03-13 14:50:00,4776.931098571429
2023-03-13 15:00:00,4775.474341463415
2023-03-13 15:10:00,4774.657284999999
2023-03-13 15:20:00,4774.54322
2023-03-13 15:30:00,4774.3423
2023-03-13 15:40:00,4774.101854545454
2023-03-13 15:50:00,4773.869346428571
2023-03-13 16:00:00,4773.464543589744
2023-03-13 16:10:00,4772.443127777778
2023-03-13 16:20:00,4771.303213888889
2023-03-13 16:30:00,4770.298985185185
2023-03-13 16:40:00,4769.842139285714
2023-03-13 16:50:00,4769.871226923076
2023-03-13 17:00:00,4769.801194444444
2023-03-13 17:10:00,4769.7519250000005
2023-03-13 17:20:00,4769.736275
2023-03-13 17:30:00,4769.762988461539
2023-03-13 17:40:00,4769.76195
2023-03-13 17:50:00,4769.790223529411
2023-03-14 13:00:00,4752.867777272727
2023-03-14 13:10:00,4747.021442857143
2023-03-14 13:20:00,4741.557179761905
2023-03-14 13:30:00,4738.878110588235
2023-03-14 13:40:00,4736.169979268292
2023-03-14 13:50:00,4735.530155932203
2023-03-14 14:00:00,4735.642484782608
2023-03-14 14:10:00,4735.598787096774
2023-03-14 14:20:00,4735.29055
2023-03-14 14:30:00,4734.375640740741
2023-03-14 14:40:00,4733.107650617284
2023-03-14 14:50:00,4731.949313114754
2023-03-14 15:00:00,4731.450429850746
2023-03-14 15:10:00,4731.6955727272725
2023-03-14 15:20:00,4731.828529411765
2023-03-14 15:30:00,4731.97878125
2023-03-14 15:40:00,4732.330151612903
2023-03-14 15:50:00,4733.023048571428
2023-03-14 16:00:00,4733.97207
2023-03-14 16:10:00,4734.406112
2023-03-14 16:20:00,4734.726094117647
2023-03-14 16:30:00,4735.002058620689
2023-03-14 16:40:00,4735.260173684211
2023-03-14 16:50:00,4735.385457692308
2023-03-14 17:00:00,4735.4020272727275
2023-03-14 17:10:00,4735.477083333333
2023-03-14 17:20:00,4735.55738
2023-03-14 17:30:00,4735.7340375
2023-03-14 17:40:00,4735.848195454546
2023-03-14 17:50:00,4735.922591666666
2023-03-15 13:00:00,4811.300376623377
2023-03-15 13:10:00,4811.7487140625
2023-03-15 13:20:00,4805.472336893204
2023-03-15 13:30:00,4801.915998113208
2023-03-15 13:40:00,4800.968913793104
2023-03-15 13:50:00,4800.237996551724
2023-03-15 14:00:00,4801.349429090909
2023-03-15 14:10:00,4802.619375903614
2023-03-15 14:20:00,4803.130146341464
2023-03-15 14:30:00,4803.6338
2023-03-15 14:40:00,4804.481178378379
2023-03-15 14:50:00,4806.320796226415
2023-03-15 15:00:00,4808.112260869565
2023-03-15 15:10:00,4809.258723684211
2023-03-15 15:20:00,4810.229326923077
2023-03-15 15:30:00,4811.007067142857
2023-03-15 15:40:00,4812.057145454545
2023-03-15 15:50:00,4813.725005769231
2023-03-15 16:00:00,4815.015828
2023-03-15 16:10:00,4817.474026041667
2023-03-15 16:20:00,4820.508920895522
2023-03-15 16:30:00,4822.557402912621
2023-03-15 16:40:00,4825.9801097345135
2023-03-15 16:50:00,4828.910221348315
2023-03-15 17:00:00,4831.162059633027
2023-03-15 17:10:00,4833.055025490196
2023-03-15 17:20:00,4833.74499
2023-03-15 17:30:00,4834.0703
2023-03-15 17:40:00,4834.5127764705885
2023-03-15 17:50:00,4835.283655555556
2023-03-16 13:00:00,4876.419272727273
2023-03-16 13:10:00,4874.937383018868
2023-03-16 13:20:00,4875.1083109890105
2023-03-16 13:30:00,4871.356824742268
2023-03-16 13:40:00,4867.497218181818
2023-03-16 13:50:00,4866.175418518518
2023-03-16 14:00:00,4865.679823404255
2023-03-16 14:10:00,4866.13325882353
2023-03-16 14:20:00,4867.193848648649
2023-03-16 14:30:00,4867.851809090909
2023-03-16 14:40:00,4868.2209309523805
2023-03-16 14:50:00,4868.062793103448
2023-03-16 15:00:00,4866.850666666666
2023-03-16 15:10:00,4866.480156862745
2023-03-16 15:20:00,4866.287343478261
2023-03-16 15:30:00,4866.2839218181825
2023-03-16 15:40:00,4866.640107352941
2023-03-16 15:50:00,4867.147969387755
2023-03-16 16:00:00,4867.393655172414
2023-03-16 16:10:00,4867.565505660377
2023-03-16 16:20:00,4867.898147826087
2023-03-16 16:30:00,4867.991792682927
2023-03-16 16:40:00,4868.008609090909
2023-03-16 16:50:00,4867.920324615385
2023-03-16 17:00:00,4867.730276190477
2023-03-16 17:10:00,4867.704030232559
2023-03-16 17:20:00,4867.695618518518
2023-03-16 17:30:00,4867.534728205129
2023-03-16 17:40:00,4867.086788709677
2023-03-16 17:50:00,4866.575345454546
2023-03-17 13:00:00,4844.688290909091
2023-03-17 13:10:00,4846.053458
2023-03-17 13:20:00,4839.60929
2023-03-17 13:30:00,4830.899334693878
2023-03-17 13:40:00,4821.807446969697
2023-03-17 13:50:00,4817.868931666667
2023-03-17 14:00:00,4813.444805309735
2023-03-17 14:10:00,4810.914010416666
2023-03-17 14:20:00,4809.698336486486
2023-03-17 14:30:00,4809.626262121212
2023-03-17 14:40:00,4810.778978431373
2023-03-17 14:50:00,4812.273946511628
2023-03-17 15:00:00,4812.959357692308
2023-03-17 15:10:00,4813.382861363637
2023-03-17 15:20:00,4814.122839583333
2023-03-17 15:30:00,4816.082288372093
2023-03-17 15:40:00,4818.196442253521
2023-03-17 15:50:00,4819.640975925926
2023-03-17 16:00:00,4820.8648378787875
2023-03-17 16:10:00,4821.847770149254
2023-03-17 16:20:00,4822.458519607843
2023-03-17 16:30:00,4822.9425213114755
2023-03-17 16:40:00,4823.176496428571
2023-03-17 16:50:00,4823.3904088235295
2023-03-17 17:00:00,4823.621997142857
2023-03-17 17:10:00,4823.79174
2023-03-17 17:20:00,4823.868746153847
2023-03-17 17:30:00,4823.913885185185
2023-03-17 17:40:00,4823.928219047619
2023-03-17 17:50:00,4823.995705405405
2023-03-17 18:00:00,4824.1162
2023-03-21 13:00:00,4806.78075
2023-03-21 13:10:00,4804.717003703704
2023-03-21 13:20:00,4804.366848275862
2023-03-21 13:30:00,4804.420819148936
2023-03-21 13:40:00,4801.983445454545
2023-03-21 13:50:00,4799.913019148937
2023-03-21 14:00:00,4798.747942553192
2023-03-21 14:10:00,4799.076929629629
2023-03-21 14:20:00,4799.410951219512
2023-03-21 14:30:00,4799.535116666667
2023-03-21 14:40:00,4799.695682222222
2023-03-21 14:50:00,4800.238621428572
2023-03-21 15:00:00,4800.6539620689655
2023-03-21 15:10:00,4800.835263157895
2023-03-21 15:20:00,4801.146803508772
2023-03-21 15:30:00,4801.6460648648645
2023-03-21 15:40:00,4802.3141173913045
2023-03-21 15:50:00,4802.870686111111
2023-03-21 16:00:00,4803.29469
2023-03-21 16:10:00,4803.602425581395
2023-03-21 16:20:00,4804.0308
2023-03-21 16:30:00,4804.197435714285
2023-03-21 16:40:00,4804.233498333333
2023-03-21 16:50:00,4804.356408108109
2023-03-21 17:00:00,4804.437704878049
2023-03-21 17:10:00,4804.368505882353
2023-03-21 17:20:00,4804.234589655172
2023-03-21 17:30:00,4804.199070000001
2023-03-21 17:40:00,4804.247223529412
2023-03-21 17:50:00,4804.275100000001
2023-03-22 13:00:00,4797.672655
2023-03-22 13:10:00,4796.560152173913
2023-03-22 13:20:00,4787.514345454546
2023-03-22 13:30:00,4784.140872093023
2023-03-22 13:40:00,4783.463295454546
2023-03-22 13:50:00,4781.217283333333
2023-03-22 14:00:00,4779.098413636363
2023-03-22 14:10:00,4777.875138888889
2023-03-22 14:20:00,4776.260331111111
2023-03-22 14:30:00,4774.896042
2023-03-22 14:40:00,4774.018496774193
2023-03-22 14:50:00,4773.509864705883
2023-03-22 15:00:00,4773.56224
2023-03-22 15:10:00,4774.0225
2023-03-22 15:20:00,4774.0232166666665
2023-03-22 15:30:00,4773.910484615385
2023-03-22 15:40:00,4773.944192857142
2023-03-22 15:50:00,4774.167964285714
2023-03-22 16:00:00,4774.378694871795
2023-03-22 16:10:00,4774.806668888888
2023-03-22 16:20:00,4775.166169230769
2023-03-22 16:30:00,4775.359740625
2023-03-22 16:40:00,4775.570693181819
2023-03-22 16:50:00,4775.654693333333
2023-03-22 17:00:00,4775.740647826087
2023-03-22 17:10:00,4775.853919148936
2023-03-22 17:20:00,4775.998655
2023-03-22 17:30:00,4776.132548
2023-03-22 17:40:00,4776.124059090909
2023-03-22 17:50:00,4776.21652972973
2023-03-22 18:00:00,4776.2492
2023-03-23 13:00:00,4764.457161290322
2023-03-23 13:10:00,4763.255968115942
2023-03-23 13:20:00,4761.08185730337
2023-03-23 13:30:00,4758.80404494382
2023-03-23 13:40:00,4757.429940983607
2023-03-23 13:50:00,4756.668765306123
2023-03-23 14:00:00,4756.584083333333
2023-03-23 14:10:00,4757.036705555556
2023-03-23 14:20:00,4757.1301875
2023-03-23 14:30:00,4757.3571125
2023-03-23 14:40:00,4757.8938777777785
2023-03-23 14:50:00,4758.14598490566
2023-03-23 15:00:00,4758.319503125
2023-03-23 15:10:00,4758.552785
2023-03-23 15:20:00,4758.865178947369
2023-03-23 15:30:00,4758.891453571428
2023-03-23 15:40:00,4758.531924
2023-03-23 15:50:00,4758.446760606061
2023-03-23 16:00:00,4758.310716666667
2023-03-23 16:10:00,4757.559637864078
2023-03-23 16:20:00,4756.936239215686
2023-03-23 16:30:00,4756.543766666667
2023-03-23 16:40:00,4756.042917543859
2023-03-23 16:50:00,4755.658164102564
2023-03-23 17:00:00,4755.572773684211
2023-03-23 17:10:00,4755.568461538462
2023-03-23 17:20:00,4755.740675510205
2023-03-23 17:30:00,4756.026557317073
2023-03-23 17:40:00,4755.915122115384
2023-03-23 17:50:00,4755.362242168675
2023-03-23 18:00:00,4755.0706
2023-03-27 13:00:00,4711.900004545454
2023-03-27 13:10:00,4711.277950769231
2023-03-27 13:20:00,4703.588514736842
2023-03-27 13:30:00,4699.222055238095
2023-03-27 13:40:00,4697.2303833333335
2023-03-27 13:50:00,4695.7808125
2023-03-27 14:00:00,4694.3454
2023-03-27 14:10:00,4693.7085777777775
2023-03-27 14:20:00,4693.639316666667
2023-03-27 14:30:00,4693.608910344827
2023-03-27 14:40:00,4693.471287096774
2023-03-27 14:50:00,4693.3412285714285
2023-03-27 15:00:00,4693.183338297872
2023-03-27 15:10:00,4692.51095
2023-03-27 15:20:00,4691.713002222222
2023-03-27 15:30:00,4690.338265079365
2023-03-27 15:40:00,4689.230082
2023-03-27 15:50:00,4688.753063333334
2023-03-27 16:00:00,4688.37335
2023-03-27 16:10:00,4688.009997727273
2023-03-27 16:20:00,4687.657099999999
2023-03-27 16:30:00,4687.492457142857
2023-03-27 16:40:00,4687.355627586207
2023-03-27 16:50:00,4687.250590476191
2023-03-27 17:00:00,4687.0774369565215
2023-03-27 17:10:00,4687.065918181818
2023-03-27 17:20:00,4687.071217647059
2023-03-27 17:30:00,4687.094721212122
2023-03-27 17:40:00,4687.120247368422
2023-03-27 17:50:00,4686.972829545454
