fecha,valor
2023-03-02 13:02:30,4845
2023-03-02 13:02:37,4845
2023-03-02 13:03:26,4843.75
2023-03-02 13:03:59,4843
2023-03-02 13:04:08,4842
2023-03-02 13:04:09,4841.2857
2023-03-02 13:04:30,4840.5
2023-03-02 13:04:49,4839.7
2023-03-02 13:04:50,4838.93
2023-03-02 13:05:50,4838.5727
2023-03-02 13:06:02,4838.5167
2023-03-02 13:06:09,4838.5467
2023-03-02 13:06:15,4838.8125
2023-03-02 13:06:17,4840
2023-03-02 13:06:18,4840.2381
2023-03-02 13:06:21,4840.5
2023-03-02 13:06:23,4841.5558
2023-03-02 13:06:24,4841.7722
2023-03-02 13:06:25,4842.0661
2023-03-02 13:06:26,4842.3397
2023-03-02 13:06:27,4842.595
2023-03-02 13:06:28,4843.2682
2023-03-02 13:06:29,4843.4662
2023-03-02 13:07:24,4843.6529
2023-03-02 13:07:28,4843.8014
2023-03-02 13:07:32,4843.9689
2023-03-02 13:07:33,4845.9427
2023-03-02 13:08:19,4846.1026
2023-03-02 13:08:21,4846.1871
2023-03-02 13:08:22,4846.4197
2023-03-02 13:08:25,4846.5331
2023-03-02 13:08:26,4846.8546
2023-03-02 13:08:27,4847.4268
2023-03-02 13:08:29,4847.5707
2023-03-02 13:09:29,4847.6331
2023-03-02 13:09:31,4847.7354
2023-03-02 13:09:43,4848.9231
2023-03-02 13:09:44,4849.1933
2023-03-02 13:09:45,4849.7076
2023-03-02 13:09:46,4849.8744
2023-03-02 13:09:51,4850.196
2023-03-02 13:10:08,4850.3062
2023-03-02 13:10:47,4850.4133
2023-03-02 13:10:53,4850.4747
2023-03-02 13:10:59,4850.5783
2023-03-02 13:11:00,4850.6796
2023-03-02 13:11:02,4850.7787
2023-03-02 13:11:05,4850.8342
2023-03-02 13:11:20,4851.1237
2023-03-02 13:11:39,4851.7894
2023-03-02 13:11:40,4852.1695
2023-03-02 13:11:41,4852.2557
2023-03-02 13:11:44,4852.6567
2023-03-02 13:11:45,4852.9045
2023-03-02 13:11:46,4853.4102
2023-03-02 13:11:47,4853.5831
2023-03-02 13:11:48,4853.6676
2023-03-02 13:12:06,4853.8353
2023-03-02 13:12:07,4854.0274
2023-03-02 13:12:08,4854.2139
2023-03-02 13:12:09,4854.3058
2023-03-02 13:12:18,4854.4979
2023-03-02 13:12:19,4854.6986
2023-03-02 13:12:20,4855.0255
2023-03-02 13:12:33,4855.2429
2023-03-02 13:12:37,4855.3802
2023-03-02 13:13:18,4855.8538
2023-03-02 13:13:19,4855.9508
2023-03-02 13:13:20,4856.6027
2023-03-02 13:13:21,4857.5979
2023-03-02 13:13:22,4857.6746
2023-03-02 13:13:28,4857.7619
2023-03-02 13:13:34,4857.8312
2023-03-02 13:13:36,4857.9166
2023-03-02 13:13:39,4858.0011
2023-03-02 13:14:45,4858.0844
2023-03-02 13:15:02,4858.1532
2023-03-02 13:15:23,4858.2211
2023-03-02 13:15:36,4858.3019
2023-03-02 13:15:40,4858.3818
2023-03-02 13:15:44,4858.4475
2023-03-02 13:15:45,4858.5124
2023-03-02 13:15:46,4858.574
2023-03-02 13:15:51,4858.6951
2023-03-02 13:15:53,4858.8137
2023-03-02 13:15:54,4858.8721
2023-03-02 13:16:00,4858.9871
2023-03-02 13:16:13,4859.0334
2023-03-02 13:16:23,4859.1695
2023-03-02 13:16:41,4859.2194
2023-03-02 13:16:42,4859.2418
2023-03-02 13:17:29,4859.3282
2023-03-02 13:17:31,4859.5077
2023-03-02 13:17:34,4859.5602
2023-03-02 13:17:42,4859.6098
2023-03-02 13:19:31,4859.6594
2023-03-02 13:19:34,4859.759
2023-03-02 13:19:37,4860.5503
2023-03-02 13:19:40,4860.5915
2023-03-02 13:19:41,4860.6323
2023-03-02 13:19:42,4860.7128
2023-03-02 13:19:43,4860.792
2023-03-02 13:19:44,4860.8698
2023-03-02 13:19:45,4860.9464
2023-03-02 13:19:46,4861.0216
2023-03-02 13:19:47,4861.1684
2023-03-02 13:19:48,4861.2401
2023-03-02 13:19:49,4861.3105
2023-03-02 13:19:50,4861.3815
2023-03-02 13:19:51,4861.4157
2023-03-02 13:20:35,4861.5563
2023-03-02 13:20:36,4861.6926
2023-03-02 13:20:37,4861.7921
2023-03-02 13:20:38,4861.8247
2023-03-02 13:20:44,4861.867
2023-03-02 13:20:45,4861.909
2023-03-02 13:20:46,4862.0332
2023-03-02 13:20:51,4862.074
2023-03-02 13:20:52,4862.1145
2023-03-02 13:21:26,4862.1509
2023-03-02 13:21:31,4862.187
2023-03-02 13:21:41,4862.2229
2023-03-02 13:21:53,4862.2658
2023-03-02 13:21:54,4862.3528
2023-03-02 13:21:55,4862.6086
2023-03-02 13:21:56,4862.9019
2023-03-02 13:22:00,4863.3782
2023-03-02 13:22:01,4864.2349
2023-03-02 13:22:02,4864.3433
2023-03-02 13:22:03,4864.4847
2023-03-02 13:22:04,4864.6228
2023-03-02 13:22:05,4864.8566
2023-03-02 13:22:06,4864.8893
2023-03-02 13:22:08,4864.9259
2023-03-02 13:22:09,4865.0762
2023-03-02 13:22:20,4865.1491
2023-03-02 13:22:32,4865.2777
2023-03-02 13:22:51,4865.3052
2023-03-02 13:22:52,4865.3325
2023-03-02 13:22:56,4865.3957
2023-03-02 13:23:18,4865.855
2023-03-02 13:23:22,4865.8877
2023-03-02 13:23:31,4866.0485
2023-03-02 13:23:43,4866.0775
2023-03-02 13:23:45,4866.1037
2023-03-02 13:23:46,4866.151
2023-03-02 13:23:50,4866.1974
2023-03-02 13:23:51,4866.2204
2023-03-02 13:23:53,4866.2433
2023-03-02 13:23:54,4866.2886
2023-03-02 13:24:49,4866.349
2023-03-02 13:24:50,4866.4091
2023-03-02 13:26:11,4866.4963
2023-03-02 13:26:12,4866.6237
2023-03-02 13:26:13,4866.686
2023-03-02 13:26:14,4866.7065
2023-03-02 13:26:19,4866.7342
2023-03-02 13:26:21,4866.7619
2023-03-02 13:26:23,4866.7895
2023-03-02 13:26:31,4867.0291
2023-03-02 13:26:32,4867.2668
2023-03-02 13:26:35,4867.4266
2023-03-02 13:26:38,4867.4582
2023-03-02 13:26:39,4867.4897
2023-03-02 13:26:40,4867.5521
2023-03-02 13:26:41,4867.5831
2023-03-02 13:26:42,4867.6138
2023-03-02 13:26:43,4867.6445
2023-03-02 13:26:56,4867.674
2023-03-02 13:27:15,4867.7345
2023-03-02 13:27:16,4867.8243
2023-03-02 13:27:48,4867.8484
2023-03-02 13:27:56,4867.872
2023-03-02 13:28:01,4867.9144
2023-03-02 13:28:05,4868.0198
2023-03-02 13:28:19,4868.2543
2023-03-02 13:28:20,4868.2834
2023-03-02 13:28:21,4868.3412
2023-03-02 13:28:22,4868.4893
2023-03-02 13:28:28,4868.8668
2023-03-02 13:28:31,4868.8987
2023-03-02 13:28:46,4868.9301
2023-03-02 13:28:52,4869.2976
2023-03-02 13:28:55,4869.3274
2023-03-02 13:29:01,4869.4755
2023-03-02 13:29:02,4869.5364
2023-03-02 13:29:03,4869.5702
2023-03-02 13:29:45,4869.6009
2023-03-02 13:29:47,4869.6676
2023-03-02 13:29:50,4869.7367
2023-03-02 13:30:10,4869.9854
2023-03-02 13:30:11,4870.0204
2023-03-02 13:30:30,4870.0553
2023-03-02 13:30:39,4870.0862
2023-03-02 13:30:43,4870.6229
2023-03-02 13:31:28,4870.6462
2023-03-02 13:31:29,4870.6765
2023-03-02 13:31:30,4870.6995
2023-03-02 13:32:02,4870.7281
2023-03-02 13:32:38,4870.751
2023-03-02 13:32:39,4870.8415
2023-03-02 13:32:42,4870.8946
2023-03-02 13:32:43,4870.9168
2023-03-02 13:32:51,4870.9399
2023-03-02 13:33:01,4870.965
2023-03-02 13:34:03,4870.9879
2023-03-02 13:34:04,4871.0107
2023-03-02 13:34:05,4871.1236
2023-03-02 13:34:06,4871.1904
2023-03-02 13:34:10,4871.2149
2023-03-02 13:34:11,4871.2644
2023-03-02 13:34:12,4871.2899
2023-03-02 13:34:21,4871.3435
2023-03-02 13:34:26,4871.3702
2023-03-02 13:34:27,4871.4818
2023-03-02 13:34:28,4871.5109
2023-03-02 13:34:29,4871.7907
2023-03-02 13:34:34,4871.8371
2023-03-02 13:34:35,4871.8705
2023-03-02 13:34:36,4871.9385
2023-03-02 13:34:37,4872.0068
2023-03-02 13:34:38,4872.1089
2023-03-02 13:34:39,4872.1765
2023-03-02 13:34:40,4872.2101
2023-03-02 13:34:42,4872.2436
2023-03-02 13:34:43,4872.2784
2023-03-02 13:34:44,4872.317
2023-03-02 13:35:22,4872.383
2023-03-02 13:35:23,4872.4488
2023-03-02 13:35:24,4872.5168
2023-03-02 13:35:25,4872.6182
2023-03-02 13:35:29,4872.6503
2023-03-02 13:36:02,4872.7137
2023-03-02 13:36:03,4872.7454
2023-03-02 13:36:04,4872.8094
2023-03-02 13:36:05,4872.8422
2023-03-02 13:36:10,4872.875
2023-03-02 13:36:20,4872.9063
2023-03-02 13:36:50,4872.9661
2023-03-02 13:37:08,4872.9922
2023-03-02 13:37:11,4873.0491
2023-03-02 13:37:12,4873.1083
2023-03-02 13:37:13,4873.1385
2023-03-02 13:37:14,4873.1688
2023-03-02 13:37:27,4873.2293
2023-03-02 13:37:33,4873.2578
2023-03-02 13:37:35,4873.2846
2023-03-02 13:37:56,4873.3899
2023-03-02 13:37:58,4873.4131
2023-03-02 13:37:59,4873.435
2023-03-02 13:38:02,4873.7009
2023-03-02 13:38:03,4873.8998
2023-03-02 13:38:13,4873.9532
2023-03-02 13:38:14,4873.9803
2023-03-02 13:38:19,4874.0902
2023-03-02 13:38:20,4874.1188
2023-03-02 13:38:21,4874.1473
2023-03-02 13:38:26,4874.2605
2023-03-02 13:38:27,4874.3166
2023-03-02 13:38:28,4874.6462
2023-03-02 13:38:30,4874.9757
2023-03-02 13:38:31,4875.2487
2023-03-02 13:38:32,4875.4616
2023-03-02 13:38:33,4875.5991
2023-03-02 13:38:34,4875.6807
2023-03-02 13:38:35,4875.7078
2023-03-02 13:38:42,4875.7616
2023-03-02 13:38:43,4875.7884
2023-03-02 13:38:44,4875.8152
2023-03-02 13:38:50,4875.9215
2023-03-02 13:38:51,4875.9479
2023-03-02 13:39:03,4875.9735
2023-03-02 13:39:08,4875.9984
2023-03-02 13:39:18,4876.0226
2023-03-02 13:39:20,4876.0466
2023-03-02 13:39:21,4876.117
2023-03-02 13:39:22,4876.1604
2023-03-02 13:39:27,4876.2225
2023-03-02 13:39:35,4876.2426
2023-03-02 13:39:37,4876.2613
2023-03-02 13:39:38,4876.3011
2023-03-02 13:39:43,4876.3224
2023-03-02 13:39:44,4876.3449
2023-03-02 13:40:05,4876.3679
2023-03-02 13:40:06,4876.3909
2023-03-02 13:40:11,4876.4141
2023-03-02 13:40:13,4876.5032
2023-03-02 13:40:16,4876.5266
2023-03-02 13:40:17,4876.7016
2023-03-02 13:40:21,4876.7231
2023-03-02 13:40:28,4876.809
2023-03-02 13:40:30,4876.894
2023-03-02 13:40:31,4876.9781
2023-03-02 13:40:33,4876.9965
2023-03-02 13:40:42,4877.1469
2023-03-02 13:40:43,4877.161
2023-03-02 13:40:44,4877.175
2023-03-02 13:40:46,4877.1888
2023-03-02 13:40:47,4877.2026
2023-03-02 13:40:56,4877.2314
2023-03-02 13:41:33,4877.2451
2023-03-02 13:41:34,4877.2831
2023-03-02 13:41:45,4877.3057
2023-03-02 13:41:46,4877.3496
2023-03-02 13:41:47,4877.3605
2023-03-02 13:41:50,4877.3714
2023-03-02 13:41:58,4877.3841
2023-03-02 13:42:00,4877.3972
2023-03-02 13:42:01,4877.4759
2023-03-02 13:42:07,4877.5587
2023-03-02 13:42:08,4877.5739
2023-03-02 13:42:09,4877.5837
2023-03-02 13:42:13,4877.6306
2023-03-02 13:42:40,4877.6455
2023-03-02 13:42:41,4877.6605
2023-03-02 13:42:50,4877.8057
2023-03-02 13:42:52,4877.8418
2023-03-02 13:42:55,4877.8778
2023-03-02 13:42:56,4877.8958
2023-03-02 13:42:58,4877.9322
2023-03-02 13:43:01,4877.9511
2023-03-02 13:43:03,4877.9891
2023-03-02 13:43:44,4878.0034
2023-03-02 13:43:55,4878.0194
2023-03-02 13:45:01,4878.0548
2023-03-02 13:45:02,4878.09
2023-03-02 13:45:03,4878.1016
2023-03-02 13:45:04,4878.148
2023-03-02 13:45:05,4878.1595
2023-03-02 13:45:06,4878.1688
2023-03-02 13:45:07,4878.1802
2023-03-02 13:45:09,4878.2009
2023-03-02 13:45:12,4878.2088
2023-03-02 13:45:13,4878.2327
2023-03-02 13:45:14,4878.2382
2023-03-02 13:45:15,4878.2466
2023-03-02 13:45:28,4878.2521
2023-03-02 13:45:29,4878.2567
2023-03-02 13:45:30,4878.2613
2023-03-02 13:45:32,4878.2658
2023-03-02 13:45:33,4878.2744
2023-03-02 13:45:34,4878.2832
2023-03-02 13:45:35,4878.2875
2023-03-02 13:45:36,4878.2918
2023-03-02 13:45:38,4878.3086
2023-03-02 13:46:09,4878.313
2023-03-02 13:46:10,4878.3215
2023-03-02 13:46:18,4878.3533
2023-03-02 13:46:38,4878.3665
2023-03-02 13:46:39,4878.3738
2023-03-02 13:46:53,4878.3801
2023-03-02 13:47:03,4878.3848
2023-03-02 13:47:06,4878.3894
2023-03-02 13:47:18,4878.3951
2023-03-02 13:47:26,4878.4132
2023-03-02 13:47:27,4878.4381
2023-03-02 13:47:34,4878.4448
2023-03-02 13:47:35,4878.4696
2023-03-02 13:47:36,4878.4788
2023-03-02 13:47:52,4878.4876
2023-03-02 13:47:54,4878.4963
2023-03-02 13:47:56,4878.5051
2023-03-02 13:48:05,4878.5122
2023-03-02 13:48:16,4878.5204
2023-03-02 13:48:28,4878.5288
2023-03-02 13:48:29,4878.5542
2023-03-02 13:48:31,4878.5629
2023-03-02 13:48:32,4878.6229
2023-03-02 13:48:50,4878.6307
2023-03-02 13:48:57,4878.6391
2023-03-02 13:49:06,4878.6454
2023-03-02 13:49:07,4878.6633
2023-03-02 13:49:08,4878.669
2023-03-02 13:49:19,4878.684
2023-03-02 13:49:28,4878.764
2023-03-02 13:49:32,4878.7674
2023-03-02 13:49:33,4878.7732
2023-03-02 13:49:34,4878.7834
2023-03-02 13:49:35,4878.7904
2023-03-02 13:49:36,4878.7958
2023-03-02 13:49:44,4878.8
2023-03-02 13:50:20,4878.8039
2023-03-02 13:50:22,4878.8079
2023-03-02 13:50:46,4878.8112
2023-03-02 13:50:48,4878.8224
2023-03-02 13:50:58,4878.8257
2023-03-02 13:50:59,4878.8452
2023-03-02 13:51:00,4878.8503
2023-03-02 13:51:01,4878.8556
2023-03-02 13:51:11,4878.8609
2023-03-02 13:51:12,4878.8661
2023-03-02 13:51:13,4878.8714
2023-03-02 13:51:19,4878.8766
2023-03-02 13:51:26,4878.8828
2023-03-02 13:51:27,4878.8981
2023-03-02 13:51:28,4878.9057
2023-03-02 13:51:36,4878.9119
2023-03-02 13:51:55,4878.9243
2023-03-02 13:52:04,4878.9457
2023-03-02 13:52:05,4878.9741
2023-03-02 13:52:06,4878.9812
2023-03-02 13:52:18,4878.9882
2023-03-02 13:52:21,4879.0084
2023-03-02 13:52:22,4879.0402
2023-03-02 13:52:23,4879.0815
2023-03-02 13:52:24,4879.1
2023-03-02 13:52:25,4879.1068
2023-03-02 13:52:41,4879.1125
2023-03-02 13:52:50,4879.1183
2023-03-02 13:52:56,4879.124
2023-03-02 13:53:31,4879.1709
2023-03-02 13:53:32,4879.1908
2023-03-02 13:53:34,4879.1974
2023-03-02 13:53:36,4879.203
2023-03-02 13:53:39,4879.2087
2023-03-02 13:53:47,4879.2138
2023-03-02 13:53:48,4879.2191
2023-03-02 13:53:52,4879.2257
2023-03-02 13:53:55,4879.249
2023-03-02 13:53:58,4879.2694
2023-03-02 13:54:13,4879.2758
2023-03-02 13:54:26,4879.281
2023-03-02 13:54:27,4879.2874
2023-03-02 13:54:36,4879.2937
2023-03-02 13:54:39,4879.3
2023-03-02 13:54:41,4879.3059
2023-03-02 13:54:51,4879.312
2023-03-02 13:55:05,4879.3174
2023-03-02 13:55:13,4879.3236
2023-03-02 13:55:20,4879.3289
2023-03-02 13:55:21,4879.3342
2023-03-02 13:55:23,4879.3437
2023-03-02 13:55:24,4879.3682
2023-03-02 13:55:25,4879.3707
2023-03-02 13:55:28,4879.3726
2023-03-02 13:55:29,4879.3744
2023-03-02 13:55:30,4879.376
2023-03-02 13:55:38,4879.3784
2023-03-02 13:56:48,4879.3828
2023-03-02 13:57:05,4879.3878
2023-03-02 13:57:38,4879.3935
2023-03-02 13:58:08,4879.4118
2023-03-02 13:58:12,4879.4175
2023-03-02 13:58:51,4879.4236
2023-03-02 13:58:52,4879.4288
2023-03-02 13:59:00,4879.4342
2023-03-02 13:59:04,4879.445
2023-03-02 13:59:05,4879.4503
2023-03-02 13:59:07,4879.4706
2023-03-02 13:59:13,4879.4939
2023-03-02 13:59:15,4879.4999
2023-03-02 13:59:17,4879.5305
2023-03-02 13:59:20,4879.5462
2023-03-02 13:59:37,4879.5484
2023-03-02 13:59:49,4879.5515
2023-03-02 13:59:51,4879.5556
2023-03-02 14:00:19,4879.5577
2023-03-02 14:00:21,4879.5589
2023-03-02 14:00:22,4879.5601
2023-03-02 14:00:23,4879.5592
2023-03-02 14:00:24,4879.553
2023-03-02 14:00:35,4879.5499
2023-03-02 14:00:36,4879.5455
2023-03-02 14:00:37,4879.5433
2023-03-02 14:00:38,4879.5227
2023-03-02 14:00:39,4879.5014
2023-03-02 14:00:45,4879.4913
2023-03-02 14:00:46,4879.4878
2023-03-02 14:01:11,4879.4865
2023-03-02 14:01:27,4879.4821
2023-03-02 14:01:33,4879.4808
2023-03-02 14:01:42,4879.4774
2023-03-02 14:01:55,4879.4721
2023-03-02 14:01:58,4879.4692
2023-03-02 14:02:02,4879.4663
2023-03-02 14:02:03,4879.46
2023-03-02 14:02:04,4879.4531
2023-03-02 14:02:06,4879.4399
2023-03-02 14:02:16,4879.4378
2023-03-02 14:02:44,4879.4357
2023-03-02 14:02:45,4879.4307
2023-03-02 14:02:46,4879.4249
2023-03-02 14:02:47,4879.4194
2023-03-02 14:03:06,4879.4165
2023-03-02 14:03:08,4879.4098
2023-03-02 14:03:09,4879.4073
2023-03-02 14:03:18,4879.4052
2023-03-02 14:03:27,4879.4024
2023-03-02 14:03:28,4879.3958
2023-03-02 14:03:29,4879.3892
2023-03-02 14:03:30,4879.3755
2023-03-02 14:03:31,4879.3413
2023-03-02 14:03:33,4879.3292
2023-03-02 14:03:34,4879.3111
2023-03-02 14:03:35,4879.2983
2023-03-02 14:03:36,4879.2923
2023-03-02 14:03:37,4879.2683
2023-03-02 14:03:38,4879.2622
2023-03-02 14:03:47,4879.2587
2023-03-02 14:03:49,4879.2551
2023-03-02 14:04:02,4879.2437
2023-03-02 14:04:20,4879.241
2023-03-02 14:04:24,4879.237
2023-03-02 14:04:32,4879.2282
2023-03-02 14:04:35,4879.2222
2023-03-02 14:04:38,4879.1682
2023-03-02 14:04:40,4879.1615
2023-03-02 14:04:41,4879.1394
2023-03-02 14:04:42,4879.1244
2023-03-02 14:04:44,4879.0287
2023-03-02 14:04:45,4879.019
2023-03-02 14:05:29,4879.0103
2023-03-02 14:05:30,4879.0022
2023-03-02 14:05:31,4878.986
2023-03-02 14:05:32,4878.9599
2023-03-02 14:05:49,4878.8779
2023-03-02 14:05:51,4878.8716
2023-03-02 14:06:09,4878.8653
2023-03-02 14:06:15,4878.8365
2023-03-02 14:06:16,4878.8078
2023-03-02 14:06:28,4878.7794
2023-03-02 14:06:30,4878.7747
2023-03-02 14:06:52,4878.7702
2023-03-02 14:07:32,4878.7436
2023-03-02 14:07:33,4878.719
2023-03-02 14:07:38,4878.6901
2023-03-02 14:07:45,4878.6857
2023-03-02 14:07:47,4878.6615
2023-03-02 14:09:04,4878.6355
2023-03-02 14:09:06,4878.6098
2023-03-02 14:09:07,4878.5842
2023-03-02 14:09:11,4878.5587
2023-03-02 14:09:13,4878.5219
2023-03-02 14:11:40,4878.5191
2023-03-02 14:12:16,4878.5145
2023-03-02 14:12:56,4878.5116
2023-03-02 14:12:57,4878.5088
2023-03-02 14:13:11,4878.4774
2023-03-02 14:14:30,4878.471
2023-03-02 14:14:31,4878.4646
2023-03-02 14:14:32,4878.4435
2023-03-02 14:14:49,4878.4357
2023-03-02 14:14:51,4878.4278
2023-03-02 14:14:52,4878.4197
2023-03-02 14:14:53,4878.4115
2023-03-02 14:15:15,4878.3629
2023-03-02 14:16:13,4878.1968
2023-03-02 14:16:14,4878.1805
2023-03-02 14:16:15,4878.156
2023-03-02 14:16:16,4878.1479
2023-03-02 14:16:22,4878.1324
2023-03-02 14:16:24,4878.1264
2023-03-02 14:16:29,4878.1205
2023-03-02 14:16:46,4878.1086
2023-03-02 14:16:52,4878.0968
2023-03-02 14:16:53,4878.0614
2023-03-02 14:16:54,4878.0556
2023-03-02 14:17:02,4878.0506
2023-03-02 14:17:03,4878.0393
2023-03-02 14:17:05,4878.0349
2023-03-02 14:17:06,4878.0313
2023-03-02 14:17:38,4878.0291
2023-03-02 14:17:39,4878.0223
2023-03-02 14:17:58,4878.0208
2023-03-02 14:18:35,4878.0186
2023-03-02 14:18:37,4878.0165
2023-03-02 14:19:01,4878.013
2023-03-02 14:19:09,4878.0091
2023-03-02 14:19:12,4878.0065
2023-03-02 14:19:48,4878.0033
2023-03-02 14:19:50,4878
2023-03-02 14:19:52,4877.9961
2023-03-02 14:19:58,4877.9918
2023-03-02 14:20:34,4877.9875
2023-03-02 14:20:35,4877.9789
2023-03-02 14:21:27,4877.9692
2023-03-02 14:21:32,4877.9593
2023-03-02 14:21:42,4877.8297
2023-03-02 14:21:45,4877.6445
2023-03-02 14:21:47,4877.6092
2023-03-02 14:21:48,4877.6014
2023-03-02 14:21:50,4877.5775
2023-03-02 14:21:51,4877.5695
2023-03-02 14:21:53,4877.5428
2023-03-02 14:21:56,4877.5343
2023-03-02 14:22:07,4877.5257
2023-03-02 14:22:29,4877.4713
2023-03-02 14:22:30,4877.453
2023-03-02 14:22:31,4877.4348
2023-03-02 14:22:32,4877.4159
2023-03-02 14:22:52,4877.3964
2023-03-02 14:22:53,4877.377
2023-03-02 14:22:54,4877.3576
2023-03-02 14:22:58,4877.3479
2023-03-02 14:23:00,4877.3286
2023-03-02 14:25:26,4877.3192
2023-03-02 14:25:35,4877.302
2023-03-02 14:26:07,4877.2948
2023-03-02 14:26:59,4877.2643
2023-03-02 14:27:03,4877.2339
2023-03-02 14:27:20,4877.2277
2023-03-02 14:27:22,4877.2215
2023-03-02 14:27:41,4877.1364
2023-03-02 14:27:46,4877.1304
2023-03-02 14:27:53,4877.1224
2023-03-02 14:28:24,4877.1139
2023-03-02 14:28:30,4877.1066
2023-03-02 14:28:32,4877.0997
2023-03-02 14:28:49,4877.0924
2023-03-02 14:28:55,4877.0851
2023-03-02 14:28:56,4877.0766
2023-03-02 14:29:03,4877.0588
2023-03-02 14:29:04,4877.0492
2023-03-02 14:29:05,4877.0016
2023-03-02 14:29:10,4876.9921
2023-03-02 14:29:11,4876.8607
2023-03-02 14:29:12,4876.832
2023-03-02 14:29:21,4876.8122
2023-03-02 14:29:35,4876.8033
2023-03-02 14:30:06,4876.7937
2023-03-02 14:30:08,4876.7838
2023-03-02 14:30:41,4876.7743
2023-03-02 14:31:00,4876.7247
2023-03-02 14:31:02,4876.6518
2023-03-02 14:31:16,4876.6418
2023-03-02 14:31:19,4876.592
2023-03-02 14:31:27,4876.5816
2023-03-02 14:31:28,4876.4248
2023-03-02 14:31:29,4876.4145
2023-03-02 14:32:08,4876.3827
2023-03-02 14:33:10,4876.3737
2023-03-02 14:33:27,4876.3628
2023-03-02 14:33:35,4876.3517
2023-03-02 14:33:37,4876.3405
2023-03-02 14:33:39,4876.3293
2023-03-02 14:33:40,4876.3063
2023-03-02 14:33:41,4876.1687
2023-03-02 14:33:44,4876.1436
2023-03-02 14:33:47,4876.1309
2023-03-02 14:33:48,4876.0925
2023-03-02 14:33:51,4876.0406
2023-03-02 14:34:01,4875.9468
2023-03-02 14:34:03,4875.9198
2023-03-02 14:34:05,4875.893
2023-03-02 14:34:06,4875.8796
2023-03-02 14:34:07,4875.8529
2023-03-02 14:34:08,4875.8267
2023-03-02 14:34:09,4875.7904
2023-03-02 14:34:32,4875.7772
2023-03-02 14:34:33,4875.7638
2023-03-02 14:34:34,4875.7502
2023-03-02 14:34:35,4875.7228
2023-03-02 14:34:51,4875.6949
2023-03-02 14:34:58,4875.6805
2023-03-02 14:35:08,4875.6679
2023-03-02 14:35:34,4875.6541
2023-03-02 14:35:40,4875.6395
2023-03-02 14:35:51,4875.6248
2023-03-02 14:35:52,4875.6111
2023-03-02 14:36:00,4875.5974
2023-03-02 14:36:30,4875.5843
2023-03-02 14:36:31,4875.528
2023-03-02 14:36:47,4875.4974
2023-03-02 14:37:04,4875.3346
2023-03-02 14:37:29,4875.3209
2023-03-02 14:37:55,4875.2686
2023-03-02 14:37:58,4875.2164
2023-03-02 14:38:09,4875.1646
2023-03-02 14:38:12,4875.1129
2023-03-02 14:38:19,4875.0998
2023-03-02 14:38:21,4875.0861
2023-03-02 14:40:15,4875.0652
2023-03-02 14:40:30,4875.0533
2023-03-02 14:40:31,4875.0425
2023-03-02 14:42:31,4875.0324
2023-03-02 14:43:14,4875.02
2023-03-02 14:43:16,4875.0076
2023-03-02 14:43:20,4874.9949
2023-03-02 14:43:21,4874.9821
2023-03-02 14:43:22,4874.9692
2023-03-02 14:43:28,4874.9563
2023-03-02 14:43:31,4874.9434
2023-03-02 14:44:19,4874.9301
2023-03-02 14:45:49,4874.9194
2023-03-02 14:46:01,4874.9089
2023-03-02 14:46:02,4874.8989
2023-03-02 14:46:04,4874.8889
2023-03-02 14:46:07,4874.8789
2023-03-02 14:46:15,4874.8685
2023-03-02 14:46:45,4874.8192
2023-03-02 14:46:46,4874.8093
2023-03-02 14:46:47,4874.7995
2023-03-02 14:46:48,4874.7702
2023-03-02 14:46:49,4874.7409
2023-03-02 14:46:50,4874.7215
2023-03-02 14:46:53,4874.7124
2023-03-02 14:46:55,4874.6953
2023-03-02 14:46:58,4874.6868
2023-03-02 14:48:06,4874.6697
2023-03-02 14:49:07,4874.6528
2023-03-02 14:49:11,4874.6443
2023-03-02 14:49:30,4874.6359
2023-03-02 14:49:53,4874.6259
2023-03-02 14:49:54,4874.616
2023-03-02 14:49:55,4874.6059
2023-03-02 14:50:02,4874.5958
2023-03-02 14:50:29,4874.5853
2023-03-02 14:51:03,4874.5742
2023-03-02 14:51:04,4874.563
2023-03-02 14:51:05,4874.5394
2023-03-02 14:51:06,4874.5145
2023-03-02 14:51:07,4874.4608
2023-03-02 14:52:00,4874.4479
2023-03-02 14:52:01,4874.4348
2023-03-02 14:52:02,4874.4214
2023-03-02 14:52:05,4874.3414
2023-03-02 14:52:07,4874.3282
2023-03-02 14:52:15,4874.3151
2023-03-02 14:52:21,4874.2891
2023-03-02 14:52:22,4873.9094
2023-03-02 14:52:26,4873.8955
2023-03-02 14:53:10,4873.8817
2023-03-02 14:53:11,4873.8679
2023-03-02 14:53:12,4873.854
2023-03-02 14:53:13,4873.7962
2023-03-02 14:53:15,4873.7668
2023-03-02 14:53:20,4873.5749
2023-03-02 14:53:21,4873.5601
2023-03-02 14:54:04,4873.5449
2023-03-02 14:54:05,4873.4831
2023-03-02 14:54:06,4873.4676
2023-03-02 14:54:07,4873.4521
2023-03-02 14:54:08,4873.388
2023-03-02 14:54:24,4873.3375
2023-03-02 14:54:26,4873.2861
2023-03-02 14:54:31,4873.1633
2023-03-02 14:54:32,4873.1067
2023-03-02 14:54:45,4873.0882
2023-03-02 14:55:16,4873.0702
2023-03-02 14:55:23,4873.0523
2023-03-02 14:55:44,4873.0343
2023-03-02 14:56:02,4873.0164
2023-03-02 14:56:05,4872.9985
2023-03-02 14:56:30,4872.9823
2023-03-02 14:56:34,4872.9661
2023-03-02 14:56:40,4872.9504
2023-03-02 14:57:08,4872.9344
2023-03-02 14:58:00,4872.9172
2023-03-02 14:59:14,4872.9026
2023-03-02 15:02:01,4872.8854
2023-03-02 15:02:02,4872.8682
2023-03-02 15:02:04,4872.851
2023-03-02 15:02:09,4872.8338
2023-03-02 15:02:10,4872.8167
2023-03-02 15:02:16,4872.7995
2023-03-02 15:02:21,4872.7824
2023-03-02 15:02:22,4872.5616
2023-03-02 15:03:24,4872.3805
2023-03-02 15:03:27,4872.3445
2023-03-02 15:03:28,4872.3077
2023-03-02 15:03:29,4872.2886
2023-03-02 15:03:49,4872.2715
2023-03-02 15:04:03,4872.2549
2023-03-02 15:04:41,4872.2397
2023-03-02 15:04:42,4872.2094
2023-03-02 15:04:44,4872.1792
2023-03-02 15:05:23,4872.1643
2023-03-02 15:06:58,4872.1357
2023-03-02 15:07:39,4872.1214
2023-03-02 15:08:07,4872.1071
2023-03-02 15:08:09,4872.0928
2023-03-02 15:08:47,4871.757
2023-03-02 15:08:49,4871.7457
2023-03-02 15:09:09,4871.7199
2023-03-02 15:09:31,4871.7082
2023-03-02 15:09:43,4871.6742
2023-03-02 15:09:46,4871.663
2023-03-02 15:09:47,4871.6406
2023-03-02 15:09:50,4871.6183
2023-03-02 15:09:53,4871.5849
2023-03-02 15:09:54,4871.5738
2023-03-02 15:10:41,4871.5629
2023-03-02 15:10:53,4871.5523
2023-03-02 15:11:03,4871.5437
2023-03-02 15:11:06,4871.5351
2023-03-02 15:11:07,4871.5274
2023-03-02 15:12:43,4871.5189
2023-03-02 15:12:44,4871.5105
2023-03-02 15:12:47,4871.5024
2023-03-02 15:14:41,4871.4925
2023-03-02 15:14:55,4871.472
2023-03-02 15:15:20,4871.4615
2023-03-02 15:15:22,4871.451
2023-03-02 15:19:06,4871.4171
2023-03-02 15:19:17,4871.4056
2023-03-02 15:19:19,4871.2805
2023-03-02 15:20:23,4871.2594
2023-03-02 15:20:46,4871.2496
2023-03-02 15:20:48,4871.2399
2023-03-02 15:20:49,4871.2204
2023-03-02 15:20:50,4871.1844
2023-03-02 15:21:08,4871.1447
2023-03-02 15:21:11,4871.0658
2023-03-02 15:22:27,4871.0334
2023-03-02 15:22:30,4871.0258
2023-03-02 15:22:31,4871.0181
2023-03-02 15:22:32,4871.0031
2023-03-02 15:22:33,4870.9956
2023-03-02 15:22:43,4870.9881
2023-03-02 15:22:45,4870.9732
2023-03-02 15:24:08,4870.9657
2023-03-02 15:24:09,4870.9516
2023-03-02 15:24:13,4870.9446
2023-03-02 15:24:14,4870.9307
2023-03-02 15:24:15,4870.9168
2023-03-02 15:24:16,4870.9039
2023-03-02 15:24:17,4870.8978
2023-03-02 15:24:19,4870.8916
2023-03-02 15:24:20,4870.8749
2023-03-02 15:24:53,4870.8576
2023-03-02 15:25:43,4870.8233
2023-03-02 15:28:49,4870.7892
2023-03-02 15:29:06,4870.7497
2023-03-02 15:29:09,4870.7431
2023-03-02 15:29:25,4870.7372
2023-03-02 15:29:52,4870.7013
2023-03-02 15:30:33,4870.6956
2023-03-02 15:30:35,4870.6848
2023-03-02 15:30:36,4870.6796
2023-03-02 15:30:37,4870.6743
2023-03-02 15:30:38,4870.6691
2023-03-02 15:30:51,4870.6587
2023-03-02 15:30:53,4870.6535
2023-03-02 15:31:00,4870.6483
2023-03-02 15:31:02,4870.6431
2023-03-02 15:34:04,4870.634
2023-03-02 15:34:06,4870.6261
2023-03-02 15:34:08,4870.6175
2023-03-02 15:34:12,4870.6085
2023-03-02 15:34:31,4870.5779
2023-03-02 15:40:04,4870.5089
2023-03-02 15:40:06,4870.4911
2023-03-02 15:40:12,4870.4819
2023-03-02 15:40:18,4870.4433
2023-03-02 15:40:19,4870.4041
2023-03-02 15:40:20,4870.3943
2023-03-02 15:40:21,4870.3845
2023-03-02 15:40:22,4870.362
2023-03-02 15:40:23,4870.3388
2023-03-02 15:40:26,4870.1495
2023-03-02 15:40:52,4870.1056
2023-03-02 15:41:19,4870.0946
2023-03-02 15:42:07,4870.0374
2023-03-02 15:42:08,4870.0258
2023-03-02 15:42:09,4870.0142
2023-03-02 15:42:11,4869.9679
2023-03-02 15:42:12,4869.9083
2023-03-02 15:42:13,4869.7262
2023-03-02 15:42:14,4869.7128
2023-03-02 15:42:40,4869.7008
2023-03-02 15:42:43,4869.6648
2023-03-02 15:42:52,4869.6529
2023-03-02 15:42:53,4869.6409
2023-03-02 15:42:54,4869.629
2023-03-02 15:42:57,4869.6175
2023-03-02 15:43:06,4869.606
2023-03-02 15:43:09,4869.5946
2023-03-02 15:43:14,4869.5831
2023-03-02 15:43:17,4869.5603
2023-03-02 15:45:15,4869.5194
2023-03-02 15:45:46,4869.5094
2023-03-02 15:45:48,4869.4994
2023-03-02 15:45:53,4869.4795
2023-03-02 15:46:20,4869.47
2023-03-02 15:46:25,4869.4606
2023-03-02 15:46:29,4869.4502
2023-03-02 15:46:48,4869.4394
2023-03-02 15:46:49,4869.4286
2023-03-02 15:46:59,4869.3866
2023-03-02 15:47:15,4869.3029
2023-03-02 15:47:18,4869.2931
2023-03-02 15:48:21,4869.2709
2023-03-02 15:48:29,4869.2491
2023-03-02 15:48:35,4869.238
2023-03-02 15:48:38,4869.2269
2023-03-02 15:48:39,4869.2159
2023-03-02 15:48:40,4869.1827
2023-03-02 15:48:41,4869.1712
2023-03-02 15:48:51,4869.1482
2023-03-02 15:49:00,4869.1253
2023-03-02 15:49:01,4869.1138
2023-03-02 15:49:02,4869.1024
2023-03-02 15:49:03,4869.0424
2023-03-02 15:49:04,4869.0301
2023-03-02 15:49:11,4868.9322
2023-03-02 15:49:17,4868.725
2023-03-02 15:49:18,4868.6734
2023-03-02 15:49:19,4868.6606
2023-03-02 15:49:20,4868.5837
2023-03-02 15:49:24,4868.4743
2023-03-02 15:49:29,4868.4467
2023-03-02 15:50:26,4868.4205
2023-03-02 15:50:29,4868.4074
2023-03-02 15:50:39,4868.3679
2023-03-02 15:50:40,4868.2872
2023-03-02 15:50:45,4868.2319
2023-03-02 15:50:46,4868.2181
2023-03-02 15:51:08,4868.1647
2023-03-02 15:51:10,4868.1093
2023-03-02 15:51:11,4868.0811
2023-03-02 15:51:12,4868.0384
2023-03-02 15:51:13,4867.9511
2023-03-02 15:51:15,4867.6981
2023-03-02 15:51:27,4867.5951
2023-03-02 15:51:39,4867.5781
2023-03-02 15:51:43,4867.5609
2023-03-02 15:53:58,4867.5439
2023-03-02 15:54:02,4867.3408
2023-03-02 15:54:03,4867.324
2023-03-02 15:54:04,4867.3071
2023-03-02 15:54:09,4867.2899
2023-03-02 15:54:10,4867.2725
2023-03-02 15:54:13,4867.237
2023-03-02 15:54:21,4867.2015
2023-03-02 15:54:23,4867.1837
2023-03-02 15:54:27,4867.0755
2023-03-02 15:56:06,4867.0387
2023-03-02 15:56:07,4866.9834
2023-03-02 15:58:44,4866.9101
2023-03-02 15:58:45,4866.8763
2023-03-02 15:59:46,4866.7281
2023-03-02 15:59:47,4866.6423
2023-03-02 15:59:52,4866.4915
2023-03-02 15:59:53,4866.2984
2023-03-02 15:59:54,4866.2604
2023-03-02 15:59:55,4866.2409
2023-03-02 16:00:16,4866.2063
2023-03-02 16:00:18,4866.1869
2023-03-02 16:00:42,4866.1687
2023-03-02 16:01:34,4866.0948
2023-03-02 16:01:35,4866.0211
2023-03-02 16:01:36,4865.8744
2023-03-02 16:01:40,4865.8566
2023-03-02 16:01:41,4865.8391
2023-03-02 16:01:42,4865.8056
2023-03-02 16:02:06,4865.7526
2023-03-02 16:03:29,4865.7346
2023-03-02 16:03:37,4865.6802
2023-03-02 16:04:15,4865.6617
2023-03-02 16:04:45,4865.6437
2023-03-02 16:04:47,4865.6257
2023-03-02 16:04:48,4865.5897
2023-03-02 16:04:50,4865.5718
2023-03-02 16:04:52,4865.5533
2023-03-02 16:05:02,4865.5346
2023-03-02 16:05:03,4865.385
2023-03-02 16:05:04,4865.3471
2023-03-02 16:05:09,4865.3285
2023-03-02 16:05:25,4865.3107
2023-03-02 16:05:38,4865.2917
2023-03-02 16:05:50,4865.1975
2023-03-02 16:06:05,4865.1604
2023-03-02 16:06:07,4865.0864
2023-03-02 16:06:13,4865.0495
2023-03-02 16:06:28,4865.0315
2023-03-02 16:07:07,4865.0139
2023-03-02 16:07:12,4864.9612
2023-03-02 16:07:15,4864.9429
2023-03-02 16:07:16,4864.9246
2023-03-02 16:07:17,4864.9063
2023-03-02 16:07:22,4864.8348
2023-03-02 16:07:24,4864.7636
2023-03-02 16:07:28,4864.7461
2023-03-02 16:07:29,4864.7287
2023-03-02 16:07:35,4864.694
2023-03-02 16:07:36,4864.6594
2023-03-02 16:07:54,4864.5707
2023-03-02 16:08:05,4864.5535
2023-03-02 16:08:10,4864.5363
2023-03-02 16:08:12,4864.4892
2023-03-02 16:08:44,4864.3939
2023-03-02 16:10:47,4864.2724
2023-03-02 16:10:50,4864.2369
2023-03-02 16:10:52,4864.1837
2023-03-02 16:11:32,4864.1306
2023-03-02 16:11:45,4864.0185
2023-03-02 16:11:46,4864.0009
2023-03-02 16:11:52,4863.7982
2023-03-02 16:11:54,4863.5974
2023-03-02 16:11:56,4863.3985
2023-03-02 16:11:59,4863.3327
2023-03-02 16:12:02,4863.267
2023-03-02 16:12:03,4863.25
2023-03-02 16:12:52,4863.1994
2023-03-02 16:13:18,4863.1825
2023-03-02 16:13:24,4863.1656
2023-03-02 16:13:27,4862.8303
2023-03-02 16:13:28,4862.7962
2023-03-02 16:13:29,4862.7279
2023-03-02 16:13:30,4862.7108
2023-03-02 16:13:31,4862.6758
2023-03-02 16:13:51,4862.6397
2023-03-02 16:14:40,4862.6232
2023-03-02 16:14:41,4862.5913
2023-03-02 16:15:00,4862.5749
2023-03-02 16:15:09,4862.559
2023-03-02 16:15:37,4862.5433
2023-03-02 16:15:45,4862.4778
2023-03-02 16:16:24,4862.4629
2023-03-02 16:16:33,4862.4481
2023-03-02 16:16:37,4862.4333
2023-03-02 16:16:48,4862.403
2023-03-02 16:17:53,4862.3878
2023-03-02 16:17:54,4862.3727
2023-03-02 16:17:55,4862.3576
2023-03-02 16:18:00,4862.3123
2023-03-02 16:18:45,4862.2987
2023-03-02 16:18:46,4862.2854
2023-03-02 16:18:48,4862.272
2023-03-02 16:18:50,4862.2017
2023-03-02 16:19:57,4862.1464
2023-03-02 16:20:05,4862.118
2023-03-02 16:20:06,4862.1032
2023-03-02 16:22:29,4862.0894
2023-03-02 16:25:39,4862.0634
2023-03-02 16:25:40,4862.0504
2023-03-02 16:25:45,4861.9986
2023-03-02 16:25:59,4861.9846
2023-03-02 16:26:03,4861.9713
2023-03-02 16:26:05,4861.9583
2023-03-02 16:26:06,4861.9325
2023-03-02 16:26:07,4861.9196
2023-03-02 16:26:08,4861.9068
2023-03-02 16:26:09,4861.8811
2023-03-02 16:26:14,4861.8555
2023-03-02 16:26:19,4861.7154
2023-03-02 16:26:28,4861.7023
2023-03-02 16:27:07,4861.4442
2023-03-02 16:27:08,4861.4325
2023-03-02 16:27:10,4861.3863
2023-03-02 16:27:11,4861.3749
2023-03-02 16:27:13,4861.3413
2023-03-02 16:27:15,4861.3301
2023-03-02 16:27:16,4861.3188
2023-03-02 16:27:22,4861.3076
2023-03-02 16:27:26,4861.2964
2023-03-02 16:27:27,4861.2852
2023-03-02 16:27:28,4861.2741
2023-03-02 16:27:30,4861.2629
2023-03-02 16:27:34,4861.2517
2023-03-02 16:27:41,4861.2071
2023-03-02 16:27:42,4861.196
2023-03-02 16:27:44,4861.1849
2023-03-02 16:27:45,4861.1738
2023-03-02 16:28:06,4861.096
2023-03-02 16:28:46,4861.085
2023-03-02 16:28:53,4861.0079
2023-03-02 16:30:06,4860.9472
2023-03-02 16:30:08,4860.9371
2023-03-02 16:32:26,4860.8766
2023-03-02 16:32:31,4860.864
2023-03-02 16:32:41,4860.5981
2023-03-02 16:32:42,4860.5848
2023-03-02 16:32:43,4860.5714
2023-03-02 16:32:53,4860.5581
2023-03-02 16:33:41,4860.5449
2023-03-02 16:37:34,4860.5201
2023-03-02 16:37:35,4860.5089
2023-03-02 16:37:36,4860.4866
2023-03-02 16:37:51,4860.4756
2023-03-02 16:38:24,4860.4645
2023-03-02 16:38:26,4860.454
2023-03-02 16:38:27,4860.4437
2023-03-02 16:38:28,4860.423
2023-03-02 16:38:29,4860.3715
2023-03-02 16:38:30,4860.3616
2023-03-02 16:38:31,4860.3423
2023-03-02 16:38:43,4860.3328
2023-03-02 16:38:44,4860.3233
2023-03-02 16:38:45,4860.3138
2023-03-02 16:38:46,4860.2948
2023-03-02 16:40:15,4860.2844
2023-03-02 16:41:07,4860.2746
2023-03-02 16:41:08,4860.265
2023-03-02 16:41:09,4860.2553
2023-03-02 16:41:10,4860.2462
2023-03-02 16:42:08,4860.206
2023-03-02 16:43:04,4860.1858
2023-03-02 16:43:06,4860.175
2023-03-02 16:43:08,4860.1643
2023-03-02 16:43:09,4860.1428
2023-03-02 16:44:58,4860.1102
2023-03-02 16:44:59,4860.099
2023-03-02 16:45:00,4860.0879
2023-03-02 16:45:10,4860.0324
2023-03-02 16:45:11,4860.0211
2023-03-02 16:45:12,4860.0086
2023-03-02 16:47:18,4859.9954
2023-03-02 16:47:22,4859.9822
2023-03-02 16:48:42,4859.9566
2023-03-02 16:54:20,4859.9455
2023-03-02 16:54:25,4859.9349
2023-03-02 16:54:26,4859.9244
2023-03-02 16:54:42,4859.9138
2023-03-02 16:54:44,4859.9035
2023-03-02 16:55:03,4859.8929
2023-03-02 17:01:04,4859.8826
2023-03-02 17:01:10,4859.8723
2023-03-02 17:01:54,4859.8613
2023-03-02 17:05:10,4859.8507
2023-03-02 17:05:14,4859.8404
2023-03-02 17:05:16,4859.8302
2023-03-02 17:05:17,4859.8097
2023-03-02 17:05:36,4859.7992
2023-03-02 17:05:42,4859.789
2023-03-02 17:05:43,4859.7788
2023-03-02 17:05:45,4859.7686
2023-03-02 17:05:46,4859.7584
2023-03-02 17:06:03,4859.74
2023-03-02 17:06:27,4859.7302
2023-03-02 17:07:21,4859.7193
2023-03-02 17:07:24,4859.7083
2023-03-02 17:09:47,4859.6852
2023-03-02 17:10:00,4859.6125
2023-03-02 17:10:08,4859.5638
2023-03-02 17:10:39,4859.5534
2023-03-02 17:10:59,4859.543
2023-03-02 17:11:44,4859.5326
2023-03-02 17:11:57,4859.4912
2023-03-02 17:15:54,4859.4812
2023-03-02 17:17:07,4859.4719
2023-03-02 17:17:08,4859.463
2023-03-02 17:17:09,4859.4453
2023-03-02 17:17:14,4859.4276
2023-03-02 17:17:16,4859.4189
2023-03-02 17:17:17,4859.4014
2023-03-02 17:17:32,4859.3758
2023-03-02 17:17:43,4859.2996
2023-03-02 17:17:46,4859.2752
2023-03-02 17:18:28,4859.2079
2023-03-02 17:18:46,4859.1911
2023-03-02 17:18:51,4859.1827
2023-03-02 17:18:56,4859.1749
2023-03-02 17:19:07,4859.167
2023-03-02 17:20:04,4859.1561
2023-03-02 17:20:09,4859.1401
2023-03-02 17:20:11,4859.1322
2023-03-02 17:20:13,4859.1091
2023-03-02 17:20:17,4859.0662
2023-03-02 17:20:19,4859.0596
2023-03-02 17:20:22,4859.0524
2023-03-02 17:21:04,4858.9728
2023-03-02 17:21:07,4858.9657
2023-03-02 17:21:08,4858.9503
2023-03-02 17:21:22,4858.9425
2023-03-02 17:23:29,4858.9255
2023-03-02 17:23:30,4858.9176
2023-03-02 17:28:43,4858.8999
2023-03-02 17:28:44,4858.891
2023-03-02 17:29:35,4858.8747
2023-03-02 17:29:42,4858.8584
2023-03-02 17:32:00,4858.8407
2023-03-02 17:32:23,4858.8231
2023-03-02 17:33:44,4858.8055
2023-03-02 17:33:59,4858.7961
2023-03-02 17:34:01,4858.7565
2023-03-02 17:36:01,4858.7458
2023-03-02 17:36:02,4858.7349
2023-03-02 17:36:09,4858.594
2023-03-02 17:36:50,4858.5699
2023-03-02 17:40:41,4858.5578
2023-03-02 17:40:51,4858.5458
2023-03-02 17:40:52,4858.5207
2023-03-02 17:40:53,4858.5077
2023-03-02 17:41:00,4858.4947
2023-03-02 17:41:03,4858.4816
2023-03-02 17:41:04,4858.4551
2023-03-02 17:41:07,4858.4033
2023-03-02 17:41:08,4858.3
2023-03-02 17:41:52,4858.2863
2023-03-02 17:42:30,4858.2725
2023-03-02 17:42:32,4858.2178
2023-03-02 17:42:34,4858.2038
2023-03-02 17:42:52,4858.1782
2023-03-02 17:42:58,4858.1592
2023-03-02 17:43:31,4858.1464
2023-03-02 17:43:37,4858.1209
2023-03-02 17:43:45,4858.0699
2023-03-02 17:43:59,4858.0572
2023-03-02 17:44:15,4858.0445
2023-03-02 17:45:10,4858.0318
2023-03-02 17:45:26,4858.0065
2023-03-02 17:45:27,4857.9811
2023-03-02 17:45:31,4857.9289
2023-03-02 17:47:45,4857.9156
2023-03-02 17:47:46,4857.9022
2023-03-02 17:47:47,4857.8751
2023-03-02 17:47:48,4857.6653
2023-03-02 17:47:49,4857.5465
2023-03-02 17:48:18,4857.3195
2023-03-02 17:48:20,4857.3036
2023-03-02 17:48:21,4857.2871
2023-03-02 17:48:54,4857.271
2023-03-02 17:48:55,4857.2547
2023-03-02 17:48:56,4857.2382
2023-03-02 17:48:57,4857.2217
2023-03-02 17:48:58,4857.2053
2023-03-02 17:50:01,4857.1886
2023-03-02 17:50:03,4857.121
2023-03-02 17:50:49,4857.1052
2023-03-02 17:51:40,4857.0725
2023-03-02 17:51:41,4856.9867
2023-03-02 17:52:29,4856.9345
2023-03-02 17:54:31,4856.8815
2023-03-02 17:56:17,4856.8566
2023-03-02 17:56:23,4856.8381
2023-03-02 17:56:46,4856.8167
2023-03-02 17:56:47,4856.7981
2023-03-02 17:57:16,4856.7644
2023-03-02 17:57:24,4856.7476
2023-03-02 17:57:27,4856.731
2023-03-02 17:57:37,4856.7144
2023-03-02 17:57:45,4856.6979
2023-03-02 17:57:59,4856.6812
2023-03-02 17:58:22,4856.6647
2023-03-02 17:58:37,4856.6091
2023-03-02 17:58:47,4856.5779
2023-03-02 17:58:54,4856.5021
2023-03-02 17:59:01,4856.4871
2023-03-02 17:59:07,4856.4721
2023-03-02 17:59:18,4856.4421
2023-03-02 17:59:40,4856.4265
2023-03-02 17:59:46,4856.4107
2023-03-02 17:59:48,4856.3951
2023-03-02 17:59:50,4856.3792
2023-03-02 17:59:51,4856.3472
2023-03-02 17:59:53,4856.3313
2023-03-02 17:59:56,4856.3155
2023-03-02 17:59:59,4856.044
